filename,chunk_id,text
notion_page_01.txt,0,"Start here In this Article
Curious about what Notion is? We'll show you right here, and in the articles to come. Let's go! 📍
We like to describe Notion as a set of building blocks for creating things you love to use on your computer, such as: Documents Databases Public websites Knowledge bases Project management systems The world's most beautiful notes... 😉 Notion is different from other software in a few ways. And once you master these basics, you can pretty much build whatever you want. Most importantly, don't worry about not knowing everything you can do right away. We'll discover it together. Read on to dive right in!"
notion_page_02.txt,0,"What is a block? In this Article
Think of Notion as a bottomless bin of building blocks. Build whatever you want, however you want 🧱 Everything in Notion is a ""block""
When you create your first page in Notion and begin typing, you've started with a text block. But Notion pages can contain a lot more than plain text! Imagine every piece of content you add to a page — whether it's text, an image, or a table — as a single building block. Every page is a stack of blocks combined however you want. Here's just one example page with different block types pointed out: What is a block - block example Tip: Hit the / key on your keyboard (or tap the + button above your keyboard if you're on mobile) to see all the different types of content you can add. Blocks can transform
Any block in Notion can be turned into any other type of block in order to use, view, or deepen that information in a new way. Try this out by clicking the ⋮⋮ symbol and choosing Turn into to convert your block to something else!"
notion_page_02.txt,1,"to use, view, or deepen that information in a new way. Try this out by clicking the ⋮⋮ symbol and choosing Turn into to convert your block to something else! Blocks can be rearranged
The ⋮⋮ button can be used to drag and drop existing blocks. This makes it simple to rearrange, reorder, and reshape your thoughts with one motion."
notion_page_03.txt,0,"Create a page In this Article
Every page you create in Notion is a fresh canvas where you can add whatever content you want. Follow these steps to create your first one 📄
Contents
Create a page
Start writing
Try a slash command
Create a page
There are a few ways to add a new page in Notion. Click 📝 at the top of your left sidebar. If you’re on the desktop app, use the shortcut cmd/ctrl + N. If you’re on mobile, tap 📝 at the bottom of your screen. Start writing
Once your new page opens, you can give your page a title and start jotting down your thoughts. Need some inspiration or structure? On desktop or web, select any of the options at the bottom of the page to get started. You can import from an app or file, use a template, create a table, and more — select an option you like, and your page will be formatted accordingly! As you write, highlight any text on your page to bring up a menu of options. You can change the color or style of your text, add a comment or hyperlink, and more. Try a slash command
The / command will quickly become your best friend in Notion."
notion_page_03.txt,1,"change the color or style of your text, add a comment or hyperlink, and more. Try a slash command The / command will quickly become your best friend in Notion. Typing / brings up a menu of block types — all of your options for the type of content you can create in Notion. As you experiment with block types, you’ll find a combination of your most used and your recently used blocks at the top of the menu for quick and easy access. Add any type of block by typing / and scrolling to the one you want or typing its name. For instance, /h1 creates a large heading, and /todo creates a checkbox."
notion_page_04.txt,0,"Create a subpage In this Article
There are no folders in Notion. Instead, you can organize pages inside pages... inside pages. Here, we'll show you how to create a page within another page, which we call a subpage 📑 Create a subpage
A subpage is a page inside a page. You can create any number of subpages for a page. There are multiple ways to create a subpage: Open a page (this will be the subpage’s parent page) and use the slash command /page. Find your desired parent page in your sidebar and select + next to it. This will create a subpage in that page. When you return to the parent page, you’ll see the subpage there. Once your new page opens, you can give your page a title and start jotting down your thoughts. Need some inspiration or structure? On desktop or web, select any of the options at the bottom of the page to get started. You can import from an app or file, use a template, create a table, and more — select an option you like, and your page will be formatted accordingly! Navigate with your sidebar and breadcrumbs
When you open the toggle for the parent page in your sidebar, you’ll see its subpages there."
notion_page_04.txt,1,"and your page will be formatted accordingly! Navigate with your sidebar and breadcrumbs When you open the toggle for the parent page in your sidebar, you’ll see its subpages there. Additionally, at the top of your page, you’ll see breadcrumbs that show you what page you’re in, and where that page lives. Rearrange your page structure
The pages in your workspace can be easily rearranged. To take a subpage out of its parent page, click on it in the sidebar and drag it out of the parent page's toggle. To make a page a subpage, click on it in the sidebar and drag it into another page."
notion_page_05.txt,0,"What is a database? In this Article
Databases are a core feature in Notion that help you manage and organize your pages. Let's explain what they are and how they can help you level up your workspace 🗄
Contents
Databases are collections of pages
Databases are pages themselves
Databases have properties
Databases can display the same content in different ways
Databases can contain multiple sources
Databases are collections of pages
Think of Notion databases as filing cabinets or notebooks. Each database serves as a container, letting you easily organize multiple Notion pages in a single structure. In the screenshot below, every row of the table is a page within the database. Database
This gives you a birds' eye view of an entire collection of pages at once. When you need to dive deeper, each page in a database can be opened, revealing its detailed contents. Databases are pages themselves
But wait - each database is also a page itself! This is powerful, because it allows you to move and nest databases alongside other content, just like any other page. Databases have properties
To help you organize all of the pages within a database, properties can be added to contextualize, label, and augment each individual item. You can then search, filter, and sort by these property values."
notion_page_05.txt,1,"all of the pages within a database, properties can be added to contextualize, label, and augment each individual item. You can then search, filter, and sort by these property values. Databases can display the same content in different ways
The contents of a database can be visualized as a table, list, board, calendar, gallery, timeline, or chart — whatever makes the information the most useful. Databases can contain multiple sources
Let’s say you want to create an all-in-one CRM database that stores information on contacts, companies, and deals. You can build your contact information, company information, and deal information all in the same database, while also treating them as separate data sources. Alternatively, maybe your team is currently managing projects and tasks in one database, and OKRs in another. You can link the OKR database in your projects and tasks database, bring all of these sources into one place so you can see all of your team’s progress side by side without jumping from one part of your workspace to another."
notion_page_06.txt,0,"Create a database In this Article
Now we'll create a database and use it to show off essential database actions and features. You'll get to play with database properties, views, filters, and sorts - let's get into it 📈
Contents
Create a new database
Create a database with Notion AI
Create a database from a template
Add data to your database
Open a row as a page
Create new database views
Filter and sort your data Create a new database
To create a new database: Create a new page and under Get started with, select ••• → Table. You can also open an existing page and use the slash command /database. The first column is where you enter the name of your database pages. Each column in a Notion table corresponds to a property that gives your item context. Let's add a task as an example, as well as a status property. Click a property name, then Edit property and Change type to see all of your property choices. Create a database with Notion AI
You can create a database in just seconds using Notion AI. This feature is available to everyone, even if they don’t have Notion AI for their workspace. From a page To create a database with Notion AI in an existing page:"
notion_page_06.txt,1,"This feature is available to everyone, even if they don’t have Notion AI for their workspace. From a page To create a database with Notion AI in an existing page: Create a new page and under Get started with, select ••• → Table. You can also open an existing page and use the slash command /database. Select Build with AI in the menu that appears. Give Notion AI details about the database you want. For example, you could ask it to make you a customer feedback tracker with priority levels, a status, and an assignee. You’ll get a preview of your database as well as some options for features to add or remove. You can also prompt Notion AI to make specific changes. Once your database looks good, select Continue. Choose how you prefer to visualize your database items and select Done. From Home To create a database with Notion AI from Home: In Home, toggle to Build mode in the Notion AI widget. Give Notion AI details about the database you want. For example, you could ask it to make you a customer feedback tracker with priority levels, a status, and an assignee."
notion_page_06.txt,2,"Give Notion AI details about the database you want. For example, you could ask it to make you a customer feedback tracker with priority levels, a status, and an assignee. You’ll get a preview of your database as well as some options for features to add or remove. You can also prompt Notion AI to make specific changes. Once your database looks good, select Continue. Choose how you prefer to visualize your database items and select Done. Note: Notion AI can create new databases but can’t edit existing databases. Notion AI can’t create pages in your database, database automations, forms, charts, or database page templates. Databases created with Build mode in Home will be added to your workspace as a new page. If you want to use Notion AI to build a database in a specific page, navigate to that page and create a new database with Notion AI in that page. You can also move your database created by AI to another page in your workspace. Create a database from a template
You can also use some existing templates to get started! To do this: Create a new page and under Get started with, select Database. You can also open an existing page and use the slash command /database."
notion_page_06.txt,3,"to get started! To do this: Create a new page and under Get started with, select Database. You can also open an existing page and use the slash command /database. Select one of the Suggested templates. You can also select More templates to explore other options. Select the template you want to use → Get started. Add data to your database
For this example, we'll create a task database. Add one or more tasks you’re working on by selecting New page. Add a priority property to your tasks by selecting Add property. Give the property a name, then select the property type. Click on the property name in your database and select Edit property. Select Add an option in the menu that appears to add options, like P1, P2, and P3. Add a new property using the + button to the right of the Priority property. Name the property Due date and select the Date property type. Now when you click on a cell under Due Date, you'll see the date picker. Open a row as a page
Every item in a Notion database is also a whole page of its own! You can add any content you want inside, including other databases."
notion_page_06.txt,4,"a row as a page Every item in a Notion database is also a whole page of its own! You can add any content you want inside, including other databases. To open a row as a page, hover over a cell in the Name column and click OPEN. You can add or edit any properties. You can also add additional content into the body of the page. Create new database views
You can create different views of the same data. Put it into a board, a calendar, a list, a gallery, or a timeline — depending on your needs. Let's try one. Click + next to the name of your database. In the menu that appears, select Board. This displays rows from your table into cards on a board, grouped by status. Clicking on a card still opens it as a page. It's all the same content, just visualized in a different way! Tip: Different views are good for different things, and you can have as many as you need! Gallery view is great if you're storing images in your database. Lists are helpful for minimalist storage of documentation. Calendar view displays your pages by an assigned date property. Timelines are useful for visualizing project dates and length."
notion_page_06.txt,5,"in your database. Lists are helpful for minimalist storage of documentation. Calendar view displays your pages by an assigned date property. Timelines are useful for visualizing project dates and length. Filter and sort your data
Filter and sort by property to zoom into specific database pages. To do this: Select the settings menu at the top of your database → Filter or Sort. hc: db settings icon
Select the property that you want to filter or sort by. For example, you might want to filter to see only the tasks that are P1 or sort due dates in ascending order. You'll see your database change in real time based on your filter and sort criteria. You can add as many filters and sorts as you want, and each view has its own filter and sorts."
notion_page_07.txt,0,"Start with a template In this Article
To help you take on a variety of challenges with Notion, we've created lots of templates that you can adopt and customize as your own — including some starter templates already in your workspace! Here's how to use them 💾 Starter templates
When you first sign up for Notion, you'll see a collection of templates in your sidebar. These are selected for you based on what you tell us during onboarding. You can choose to add them to your workspace and use them, or you can delete them. To delete a template: Click the ••• to the right of the page name. Click Delete. Find and use templates
Notion's Marketplace includes thousands of templates built for many purposes by Notion users around the world, which you can use to get started in Notion or get inspired. To access Marketplace, look for templates, and add them to your workspace: Find and select Templates in your sidebar. Once you find a template you like, you can select Add (if the template is free) or select Buy for {price} at the top of the page to add the template to your workspace. When the template is added to your workspace, you can tweak it to fit your exact needs. Learn more about finding templates on Marketplace"
notion_page_07.txt,1,"add the template to your workspace. When the template is added to your workspace, you can tweak it to fit your exact needs. Learn more about finding templates on Marketplace FAQs
Can I make my page a template to use elsewhere in my workspace? The best way to do this is: Keep an empty version of your template page in your left-hand sidebar. Click the ••• next to that page's name in your sidebar, and then Duplicate whenever you need a new copy. Depending on your use case, you might find these options useful! You can quickly duplicate chunks of content with a template button. Great for journaling! In databases, you can create new database entries with the properties & page contents already populated by using database templates. Can I request a template for something? Yes! We'd love your ideas. Please tweet them to us at @NotionHQ (with the hashtag #template) or send them to our team at team@makenotion.com."
notion_page_08.txt,0,"Share your work Share any Notion page you create with select people, your whole team, or the entire web. It's up to you. Here's a quick overview of how to share 🗣 Share with one person
You can invite people inside or outside your workspace to share a Notion page with you. Start with your page in Private in your sidebar. On the page, go to Share at the top right. Enter the person's name or email address in the space provided, choose a level of access, and click Invite. Sharing & permissions - share with teammate
If the person is outside your workspace, they'll join the page as a guest. If the person is already a member of your workspace, you'll see their profile photo pop up in the invite menu, and the page will show up under Shared in your sidebar, as seen above. Share with your team
If you have multiple people working with you in Notion, you can quickly share any page with all of them. There are several ways to do this:"
notion_page_08.txt,1,"with your team If you have multiple people working with you in Notion, you can quickly share any page with all of them. There are several ways to do this: Share with everyone in your workspace. Click Share at the top right of the page, and grant access to Everyone at [workspace name]. You can also assign everyone in your workspace a particular access level from the dropdown. For example, everyone Can view instead of being able to edit. Create a page in any default teamspace in your sidebar. Everyone in your workspace is a member of default teamspaces and will automatically have access to pages in them. Learn more about teamspaces → Drag a private page to a default teamspace in your sidebar. This automatically shares it with everyone. Share a page's URL. Every page in Notion has its own unique URL you can use to share it on Slack or elsewhere. Go to Share at the top right and click Copy link. Only people who have access to the page can see it."
notion_page_08.txt,2,"use to share it on Slack or elsewhere. Go to Share at the top right and click Copy link. Only people who have access to the page can see it. Share with the web
If you want to share your page and collaborate on it with others, even people who aren’t Notion users, select Share at the top of the page, open the dropdown under General access, and select Anyone on the web with link. Open the dropdown next to Anyone on the web with link and allow edit, comment, or view-only access. you can also set this link to expire at a specific time or date. Copy link and share it with anyone! Note that page visitors will need to be logged into Notion if they want to comment on or edit your page. You can easily turn your Notion page into a beautiful website with Notion Sites."
notion_page_09.txt,0,"Collaborate with people In this Article
Notion has several features designed to improve and increase the velocity of communication with your team — whether you're all editing the same page or working across time zones 🤝
Contents
Work together in real-time
Start a conversation
Mention a teammate
Leave a comment
Never miss a thing
Work together in real-time
You can edit the same page at the same time with an unlimited number of people. Their profile photos will show you where they're looking or working on the page. Edits and comments made by everyone will appear to you instantly. Click 🕘 at the top of the page to see who made what changes and when. Content added is highlighted in blue. Gray strikethrough shows what's been removed. You can also see where people have left comments. Start a conversation
There are several ways to communicate with your teammates inside Notion — hopefully helping you cut down on meetings and status checks. Mention a teammate
Want to get someone's attention on a page? Mention them by typing @ followed by their name anywhere on a page. You'll see a menu pop up that will search for the person in real time. Press enter."
notion_page_09.txt,1,"Mention them by typing @ followed by their name anywhere on a page. You'll see a menu pop up that will search for the person in real time. Press enter. They'll be notified of your mention with a link directly to it in their Inbox (or with a push notification if they are on the desktop or mobile app). Leave a comment
Comments let you attach your thoughts, questions, or opinions to specific content on a page. To leave a comment on a page, click the Add comment right above its title. To leave a comment on text, highlight it, and click Comment in the menu that pops up. To leave a comment on an image, embed, or other type of block, you can click the ••• that appears at the top right or the ⋮⋮ icon that appears to the left on hover. Choose Comment from the menu that pops up. (You can also right click to bring it up!) You can @-mention your colleagues in comments to get their attention. Never miss a thing
Notion is built for asynchronous communication. You'll be notified if someone needs you or if a page you care about has been changed. Click on Inbox at the top of your left sidebar. This is where we collect all notifications concerning you."
notion_page_09.txt,2,"you or if a page you care about has been changed. Click on Inbox at the top of your left sidebar. This is where we collect all notifications concerning you. All updates will appear with a grey badge. If you've been mentioned, you'll see a red badge with the number of mentions waiting for you next to Inbox. Click on any of these updates to go directly to the comment, mention, or edit in question."
notion_page_10.txt,0,"Account settings & preferences In this Article
There are tons of account settings and preferences to adjust in Notion ⚙️ Change your profile photo
To change your profile photo, you'll need to be using Notion for desktop or web and follow these steps: Go to Settings in your sidebar → {your name}. Select your current photo or your initial above Add photo. Choose the file you want to use from your device and click Open. Change your name
To change your preferred name in Notion: Go to Settings in your sidebar → {your name}. Under Preferred name, enter the name you want to use. Change your email address
To change your email address: Go to Settings in your sidebar → {your name}. Under Account security, click Change email. From here: If you have a Notion password set, enter it. If you don’t have a Notion password, we’ll send a verification code to your old email. Enter this into Notion. Enter your new email address and click Send verification code. We’ll send a verification code to your new email. Copy the verification code sent to your new email address, paste it into Notion, and click Change email."
notion_page_10.txt,1,"Send verification code. We’ll send a verification code to your new email. Copy the verification code sent to your new email address, paste it into Notion, and click Change email. If you get an error telling you that your new email is already being used with a different account, you first need to delete the account tied to that email and then try again. Set, change, or remove your password
If you want to log into Notion using a permanent password instead of temporary login codes: Go to Settings in your sidebar → {your name}. Select Set a password. Enter a password that meets the security requirements and confirm it. Passwords must be at least eight characters long, with at least three special characters, one letter, and one number. If you want to change or remove your password: Go to Settings in your sidebar → {your name}. Select Change password. Enter a new password and select Change password, or select Remove password. Note: Never share your password with anyone, even Notion support! If someone's claiming to be Notion support and asking for your password, it's not us. All passwords are encrypted on our servers, so we don't have access to any password data. Customize appearance on desktop
To customize Notion's appearance on desktop:"
notion_page_10.txt,2,"password, it's not us. All passwords are encrypted on our servers, so we don't have access to any password data. Customize appearance on desktop To customize Notion's appearance on desktop: Go to Settings in your sidebar → Preferences. Open the dropdown next to Appearance and select one of the following options: Use system setting to follow your system appearance setting. Light to display light mode. Dark to display dark mode. You can also turn dark mode on or off anytime with the shortcut cmd/ctrl + shift + L. Customize appearance on mobile
To customize Notion's appearance on mobile: Open the sidebar by tapping the ••• in the top corner. Tap Settings and scroll to the Appearance section. Open the dropdown and select one of the following options: Use system setting to follow your system appearance setting. Light to display light mode. Dark to display dark mode. Note: When you select dark mode, it applies to all workspaces you're signed into on your account. If you switch between them, they'll all be dark. Open links in desktop app
If you're on web and you want any links to Notion pages to open in your desktop app: Go to Settings in your sidebar → Preferences. Toggle on Open links in desktop app."
notion_page_10.txt,3,"web and you want any links to Notion pages to open in your desktop app: Go to Settings in your sidebar → Preferences. Toggle on Open links in desktop app. You'll need to have the desktop app already installed. You’ll also need to go to Notion in your desktop app and ensure that Open links in browser is turned off in your settings. If Notion links aren't automatically opening in the desktop app
If links to Notion pages aren't automatically opening in the desktop app, try following these steps: Open the link in your browser. Click ••• at the top right of the page. Scroll to the bottom of the menu that appears and click Open in Mac app. Change your language
To change your display language: Go to Settings in your sidebar → Preferences. Under Language & Time, open the dropdown next to Language. Select your language. Note: On mobile, your Notion app language will follow the language ranking in your system preferences. Start your calendar week on Monday
Calendars in Notion will use Sunday or Monday as the first day of the week, depending on your region. That includes the date picker for reminders and calendar databases. If you prefer, you can change this manually. To do this: Go to Settings in your sidebar → Preferences."
notion_page_10.txt,4,"region. That includes the date picker for reminders and calendar databases. If you prefer, you can change this manually. To do this: Go to Settings in your sidebar → Preferences. Under Language & Time, toggle on or off Start week on Monday. Change your time zone
To change your time zone: Go to Settings in your sidebar → Preferences. Under Language & Time, set your time zone manually or turn on Automatically update time zone. Desktop app settings
If you’re using Notion’s desktop app, you can manage settings for the app by going to Settings in your sidebar → Preferences. Open the dropdown next to On startup to choose Continue where you left off, which will open the tabs you had open right before you last closed the app. Alternatively, you can choose Your default page if you’d like to start with the same page every time. If you want to use Command Search, which allows you to quickly search in Notion while you’re in another app, turn on Use Command Search. Once this setting is turned on, you can also turn on Show Notion in menu bar so you can get to Notion from the top of your screen, as well as adjust the Keyboard shortcut for Command Search shortcut and Notion AI shortcut."
notion_page_10.txt,5,"in menu bar so you can get to Notion from the top of your screen, as well as adjust the Keyboard shortcut for Command Search shortcut and Notion AI shortcut. If you want search to open whenever you create a new tab, toggle on New Tab Search. This allows you to immediately search for and navigate to a specific page when you open a new tab. If this setting is toggled off, new tabs will display the default page specified in the Default page setting. If you want any links to Notion pages to open in your web browser instead of the desktop app, toggle on Open Notion links in browser. You’ll need to go to Notion in your browser and ensure that Open links in desktop app is turned off in your settings. If you set up links to open in the desktop app, your browser will open a new tab automatically redirect you to the desktop app every time you click on a link to a Notion page. To have these tabs automatically closed once you’re redirected to the desktop app, toggle on Close redirecting browser tabs. View history
If you don’t want your account to be recorded in page analytics, you can opt out altogether or for specific pages. To opt out of participating in analytics altogether:"
notion_page_10.txt,6,"history If you don’t want your account to be recorded in page analytics, you can opt out altogether or for specific pages. To opt out of participating in analytics altogether: Go to Settings in your sidebar → Preferences. Under Privacy, open the dropdown next to Show my view history and select Don't record. Profile discoverability
You can decide if users with your email address can see your name and profile picture when they invite you to a new workspace. To do so: Go to Settings in your sidebar → Preferences. Under Privacy, find Profile discoverability. Turn this on to make your profile discoverable to people with your email address, or turn it off to hide your profile from people with your email address. If you turn profile discoverability on, a user will see this when they invite you to a workspace or a page: If you turn profile discoverability off, a user will see this when they invite you to a workspace or page: Note: If you’re already part of the same workspace as the user inviting you, or once you’ve joined the workspace, they’ll be able to see your profile. FAQs I just got an email saying I changed my email address or password, but I didn't!"
notion_page_10.txt,7,"or once you’ve joined the workspace, they’ll be able to see your profile. FAQs I just got an email saying I changed my email address or password, but I didn't! If you receive an unexpected email notifying you of a change to your password, you should reset your password as soon as possible. Follow these steps: Navigate to notion.so/login in your web browser. Click the Continue with email button. Enter the email address associated with your Notion account. Click the Forgot password? button, and then the Send Reset Link button. We'll send a link to your email address. When you click that link, you'll be taken to Settings in your Notion workspace, and your password will be reset. Please report any suspicious activity like this to our support team, team@makenotion.com. I tried changing my email address but got an error message saying: ""A user with this email already exists."" If you'd like to change your account email to one that’s already tied to another Notion account, you can log into the account that’s currently associated with your desired email address and delete that account to free up that email address. To do this: Log into the account tied to your desired email address, then go to Settings → {your name} → Delete my account."
notion_page_10.txt,8,"to free up that email address. To do this: Log into the account tied to your desired email address, then go to Settings → {your name} → Delete my account. Log into the account whose email address you want to change, then go to Settings → {your name} → Change email. What if I accidentally deleted something permanently? Any way to get it back? If you accidentally delete a page, a workspace, or even your entire account, we can help! Accidents happen 😅 Just send us a message in the app by clicking ? at the bottom of your sidebar, or email us at team@makenotion.com. We keep backups of our database, which allows us to restore a snapshot of your content in the past 30 days if you need it."
notion_page_11.txt,0,"Notification settings In this Article
Notion is set up to notify you if you're mentioned in a page or database, for reminders, and when updates have been made to a page you care about. Below, we describe how notifications work, and how you can modify them 🛎 Contents
How notifications work
Types and timing
Notification settings
How notifications work
Here's when you will get a notification: Someone @-mentions you or replies to your comment. Or you have notifications set to All comments for a page. You're added to a Person property in a database. You set a reminder for yourself to show up at a certain time. Types and timing
There are several ways these notifications will reach you: You'll see a red badge with the number of notifications waiting for you next to Inbox at the top of your sidebar. Learn more about updates here → Desktop comments and mentions show up if you have the app installed and open. Desktop meeting detection sends a notification prompt to start meeting notes when it detects audio activity and finds a matching event on your calendar. Email notifications are sent if you don't have Notion open at the time of the notification, or if you have mobile notifications turned off and you haven't seen a notification within five minutes."
notion_page_11.txt,1,"sent if you don't have Notion open at the time of the notification, or if you have mobile notifications turned off and you haven't seen a notification within five minutes. Unless you have Always send email notifications turned on, you'll only receive an email notification if you're not active on the app. You can also receive email notifications about what’s happening in your workspace, like what pages you might want to check out or what pages are trending. Note: If you're actively viewing a page that the notification trigger was created on (i.e. the @-mention or reminder), you won't see any notifications. Notification settings
Go to Settings → Notifications to adjust your settings for: Mobile push notifications Desktop push notifications and badge icons (if you’re using the desktop app) Slack notifications Email notifications. You can receive notifications for activity in your workspace, page updates, and workspace digests. Notification settings - desktop
On mobile, tap ••• near the top of your home page → Settings → My notifications. Notification settings - mobile
FAQs
I'm not receiving any mobile or email notifications, but I have them enabled. If you have Notion open on a mobile device or computer, you won't receive push or email notifications for reminders — you'll only see the badge next to Inbox."
notion_page_11.txt,2,"enabled. If you have Notion open on a mobile device or computer, you won't receive push or email notifications for reminders — you'll only see the badge next to Inbox. If Notion is not open on your mobile device or computer, then you will receive a push or email notification. To always receive email updates regardless of whether or not you have the app open, you can enable Always send email notifications in the Notifications section of Settings. Is there a way for the notifications to make a sound or vibration? Not at the moment, unfortunately 😓 On our to-do list though! I don’t want to be notified when I get mentioned in a person property in a database. How can I turn this kind of notification off? Unfortunately, if you don’t want to be notified when you’re mentioned in a person property, you’ll need to ask someone with edit access to turn off notifications in the specific person property’s settings. Individual users can’t unsubscribe from these notifications."
notion_page_12.txt,0,"Workspace settings In this Article
When you sign up for Notion, you can create multiple workspaces connected to your account. Each one can be customized to your liking with workspace-specific settings. Here's how to manage every aspect of an individual workspace 🗝️ Note: Many of these settings are only visible if you're an admin on a Plus Plan or Enterprise Plan. They don't appear in the mobile app at all. Contact sales to learn more about our Enterprise plan → Change your workspace name and icon
To change your workspace name and icon: Go to Settings in your sidebar. Under Workspace, select General. In the field under Name, enter a simple name for your workspace. Under Icon, click on your current icon and choose an emoji or upload your own image. Allowed email domains
Make it simple for people with certain email address domains to automatically join your workspace as members, or as workspace owners if you're on a Free Plan. As soon as they sign up, Notion will recognize their email and ask if they want to join your workspace. To set an allowed domain: Go to Settings in your sidebar. Under Workspace, select General. Under Trusted domain access, find the field under Allowed email domains and enter your domain. Note:"
notion_page_12.txt,1,"set an allowed domain: Go to Settings in your sidebar. Under Workspace, select General. Under Trusted domain access, find the field under Allowed email domains and enter your domain. Note: New allowed domains are restricted to the email domains of the members of that workspace. To add a domain that isn't available, someone with an email address from that domain will have to join the workspace. Bear in mind that you'll be charged per member on Plus, Business, and Enterprise Plans. Export your entire workspace Note: To verify a domain for your organization, you must be an organization owner. Your Notion data will always be backed up in the cloud, but you can also export it for safekeeping. You can export all your pages as HTML, Markdown, or CSV (for databases), along with any files you've uploaded, too. If you're on a Business or Enterprise Plan, you can also export your entire workspace to PDF, which can be helpful for legal and compliance backups."
notion_page_12.txt,2,"files you've uploaded, too. If you're on a Business or Enterprise Plan, you can also export your entire workspace to PDF, which can be helpful for legal and compliance backups. Pages that the exporter doesn't have access to, such as private pages of other users, will not be included in the export. Workspace owners on the Enterprise Plan can give themselves and others access to specific pages using content search, so that those pages can be included in future exports. Some content also may not be exported based on teamspace settings. A sitemap (index.html) is included the export to help you navigate the exported workspace. The list items in the sitemap are locally linked to the exported pages in HTML and Markdown formats. To export your workspace content: Go to Settings in your sidebar. Under Workspace, select General. Find and select Export all workspace content. You'll receive an email from Notion with a link to download your files. This link will expire after 7 days. Note: You can only export your entire workspace on desktop or web. You can’t instantly recreate your workspace by reuploading your exported workspace content. Export workspace members
If you have a Business Plan or Enterprise Plan, you can export a list of everyone in your workspace. The exported CSV will include: Email. First name."
notion_page_12.txt,3,"Export workspace members If you have a Business Plan or Enterprise Plan, you can export a list of everyone in your workspace. The exported CSV will include: Email. First name. Last name. Role (Workspace owner, membership admin, member, or guest). A list of permission groups that each member is part of. User ID. To export workspace members as a CSV: Go to Settings in your sidebar. Under Workspace, select General. Find and select Export members as CSV. Analytics
If you want page view analytics to be visible for users who have full access or edit access to a page: Go to Settings in your sidebar. Under Workspace, select General. Toggle on Save and display page view analytics. Delete your workspace
Once a workspace is deleted: This action is permanent. All of the content inside of it will be deleted. You won’t be able to access your content — even your private pages. You might want to export any data that you want to keep after you delete the workspace. The deleted workspace will be deleted for everyone in it. This means all users who were part of a workspace before it was deleted will no longer have access to that workspace or any content inside that workspace."
notion_page_12.txt,4,"in it. This means all users who were part of a workspace before it was deleted will no longer have access to that workspace or any content inside that workspace. You'll be returned to another workspace you belong to, or the sign up page for Notion if you don't belong to any others. To delete a workspace: Go to Settings in your sidebar. Under Workspace, select General. Scroll down to Danger zone and select Delete entire workspace. You'll be asked to type the name of your workspace to confirm you want to proceed. Emoji
Custom emojis can be used as page icons, in reactions, and inline. Workspace members can go to Settings in their sidebar → Emoji to manage custom emojis in their workspace. From here, they can: Select Add emoji to upload their own file. Select ••• next to a custom emoji they’ve added, and Edit or Delete it. Workspace owners can edit or delete any emoji, even if they didn’t create it. Workspace owners can also toggle on Limit custom emoji creation to workspace owners if they don’t want all members to create custom emojis."
notion_page_12.txt,5,"emoji, even if they didn’t create it. Workspace owners can also toggle on Limit custom emoji creation to workspace owners if they don’t want all members to create custom emojis. Workspace security
Depending on how you're using your workspace, you may want to keep the data you have in it private for just your team. You can go to the Security section to adjust your workspace security settings. Note: Some of the following settings are available on specific Notion plans only. Allow page access requests from non-members: This setting is available to all plans except Enterprise. Allow members to request adding other members: This setting is available to users on the Plus Plan or higher. Allow any user to request to be added as a member of the workspace: This setting is available to users on the Plus Plan or higher. Allow page guests to request to be added as members to the workspace: This setting is available to users on the Plus Plan or higher. Security settings available on Enterprise Plans only
Disable publishing sites and forms: Don't let members publish Notion Sites or forms to the web. Any Sites or forms already live on the web will be taken down."
notion_page_12.txt,6,"only Disable publishing sites and forms: Don't let members publish Notion Sites or forms to the web. Any Sites or forms already live on the web will be taken down. Disable duplicating pages to other workspaces: Don't let members move pages to other workspaces. Especially helpful if you have a lot of people and a lot of pages. It can get confusing fast, and some people may lose access when pages get moved. Disable export: Don't let members export pages. This ensures that all your data stays in Notion rather than having different versions saved as Markdown or CSV. Allow members to invite guests to pages: Let members invite guests to specific workspace pages. Allow members to request adding guests: Let members ask to invite guests to workspace pages. Who can add restricted members to Teamspaces: Choose whether workspace owners, workspace and teamspace owners, or any member can add restricted members to a teamspace. Who can add restricted members to pages: Choose whether workspace owners, any member with admin approval, or any member can add restricted members to a page. Once pages are moved to Trash, delete them after: This allows you to choose how long pages will be deleted after being moved to Trash."
notion_page_12.txt,7,"restricted members to a page. Once pages are moved to Trash, delete them after: This allows you to choose how long pages will be deleted after being moved to Trash. After pages are deleted from Trash, retain them for: This allows you to choose how long pages can be retained after being deleted from Trash. Note: If you're interested in learning more about our Enterprise Plan, you can contact us by filling out this form. We will get back to you as soon as possible! Verify a domain
If you're on the Business or Enterprise Plan, you can verify a domain for your workspace. Note: If you're on the Enterprise Plan, you'll need to verify your domain via your organizational level controls. To verify a domain for your workspace: Go to Settings in your sidebar. Select Identity. Next to Verified domains, select Add domain. Enter your new domain and select Next. Follow the prompts to update your DNS record. Click Verify to prompt Notion to check your DNS record. If your domain’s status is Pending, select ••• next to the domain → View details → Verify to manually verify it. Once verification is complete, you’ll receive a confirmation email and your domain’s status will be Verified."
notion_page_12.txt,8,"••• next to the domain → View details → Verify to manually verify it. Once verification is complete, you’ll receive a confirmation email and your domain’s status will be Verified. Enable SAML SSO
If you're on the Business or Enterprise Plan, you can set up SAML SSO for your workspace. FAQs
I'm on a Plus Plan, but don't see any of these settings in Settings. Only Workspace owners can access these workspace settings. If you navigate to the Members tab, you'll see whether you're a guest, member, Membership admin, or Workspace owner in the workspace. Ask a Workspace owner to upgrade your membership status if necessary. I'm trying to add a new domain to the Allowed Email Domains setting, but it won't let me. New allowed domains are restricted to the email domains of the members of that workspace. To add a domain that isn't available, someone with an email address from that domain will have to join the workspace. How can I migrate all my Notion content to a different workspace? Note: Any migrated content will be duplicated to the new workspace and these pages sometimes have issues."
notion_page_12.txt,9,"workspace. How can I migrate all my Notion content to a different workspace? Note: Any migrated content will be duplicated to the new workspace and these pages sometimes have issues. To move your content from one workspace to another associated with the same account, click ••• next to each of the top-level pages in your sidebar (or right click) and select Move to. At the bottom of the move menu, you’ll see a drop down to select a different workspace. When you move top-level pages, all their sub-pages go with them. They'll appear in the Private section but can be moved wherever you want to put them. What if I accidentally deleted something permanently? Any way to get it back? If you accidentally delete a page, a workspace, or even your entire account, we can help! Accidents happen 😅 Just send us a message in the app by clicking ? at the bottom of your sidebar, or email us at team@makenotion.com. We keep backups of our database, which allows us to restore a snapshot of your content in the past 30 days if you need it."
notion_page_13.txt,0,"Two-step verification In this Article
Add an extra layer of account security with a second method of verification, also known as 2FA or MFA 🔐 In order to use 2-step verification, you must: Have a password. Not be in an organization that requires login via identity provider (such as Okta, Microsoft Azure, Google Workspace, etc.). Two-step verification adds an extra layer of protection to your Notion account. By enabling two-step verification, you can help keep your Notion account and your organization more secure. This feature is available to all plan types and can be set up easily in your account settings. Set up two-step verification
To set up two-step verification: Go to Settings in your sidebar → {your name}. Under Account security, select Add verification method next to 2-step verification. Choose to set up using Code from authenticator or Text me a code. Note: Depending on your region, you may only be able to verify using an authenticator app. Using authenticator
If you want to set up two-step verification using an authenticator code: Scan the QR code from your chosen authenticator app and name the authentication method to help you remember later. Enter a one-time code from the authenticator to complete setup. If this is your first added two-step method, make sure to save your backup codes."
notion_page_13.txt,1,"to help you remember later. Enter a one-time code from the authenticator to complete setup. If this is your first added two-step method, make sure to save your backup codes. Using text
If you want to set up two-step verification using a code sent to your phone number: Add a phone number where you can receive text messages. Enter the code you were sent. If this is your first added two-step method, make sure to save your backup codes. Authenticate with your backup code
To authenticate using your backup code: Sign into Notion using your email address and password. When prompted to complete two-step authentication, click Try another method. Click Use backup code. Change or remove verification methods
You can have up to four verification methods, two authenticators and two phone numbers. To change your verification methods: Go to Settings in your sidebar → {your name}. Under Account security, select Change verification method next to 2-step verification. Verify your identity using an active two-step method. Remove two-step verification
To remove two-step verification: Hover and click the ••• next to the active method you want to remove. Click Delete and confirm your choice. Add a verification method
To add another verification method: Click on Add authenticator or Add phone number. Follow the instructions above. FAQs
Do I need two-step verification?"
notion_page_13.txt,2,"confirm your choice. Add a verification method To add another verification method: Click on Add authenticator or Add phone number. Follow the instructions above. FAQs Do I need two-step verification? Two-step verification isn't required, but we highly recommend that you use it as an extra layer of security to protect the contents of your Notion workspace. I login to Notion through an identity provider. Do I still need two-step verification? If you login to Notion through SAML SSO (using an identity provider), we recommend setting up two-step verification directly through that identity provider. What if I lose my phone or verification device? When you first set up two-step verification, you'll receive a set of six backup text codes. You can use these codes to access your account in the event you lose your verification device. Each backup code can only be used once. Once all the codes have been used, you can generate a new set in your settings. If you're having trouble, please contact us at team@makenotion.com. I’m a workspace owner. Can I enforce everyone in my workspace to enable two-step verification? No, workspace owners can't enforce this feature for all users at this time."
notion_page_14.txt,0,"Notion IP addresses & domains In this Article
Contact your security team to allowlist these Notion IP addresses or domains 🌐
Contents
Notion IP addresses and domains
Notion provides a fixed range of outgoing IP addresses, as well as domains that you can allowlist, helping you increase the security of your network. These cannot be managed in your Notion account, so please contact your security team to allowlist these IP addresses or domains. Notion IP addresses and domains
Notion is hosted in US-West-2 (Oregon) and EU-Central-1 (Frankfurt). Notion owned IP address blocks: 131.149.232.0/21 208.103.161.0/24 2602:F79A::/36 Notion owned domains: notion.com notion.site notion.so api.notion.com img.notionusercontent.com notionusercontent.com secure.notion-static.com audioprocessor.www.notion.so Notion is hosted on CloudFlare, so we recommend allowlisting Cloudflare IP addresses."
notion_page_15.txt,0,"HIPAA configuration In this Article
Learn about how to make your Notion workspace HIPAA compliant, and how to enable HIPAA compliance 🏥 Contents
Configuring Notion for HIPAA
Enable HIPAA compliance
Deactivate HIPAA compliance The Health Insurance Portability and Accountability Act (HIPAA) is a US federal law that was enacted in 1996 that requires the protection and confidential handling of protected health information (PHI) by covered entities such as healthcare providers, health plans, and healthcare clearinghouses, as well as their business associates. This article provides users required product configurations to make their Notion workspace HIPAA compliant. Note: Notion's Business Associate Agreement (BAA) governs the protection of Personal Health Information (PHI) that is stored in the Notion Service. To be eligible to sign Notion’s BAA, you must subscribe to our Enterprise Plan. Any Beta Services are not covered by the BAA and therefore may not be used or deployed in a manner that processes protected health information. To the extent that any language on this page and language found in the BAA conflict at any time, the BAA shall control. Configuring Notion for HIPAA
HIPAA Technical Safeguard Requirements: Access Control Implement technical policies and procedures for electronic information systems that maintain electronic protected health information to allow access only to those persons or software programs that have been granted access rights."
notion_page_15.txt,1,"technical policies and procedures for electronic information systems that maintain electronic protected health information to allow access only to those persons or software programs that have been granted access rights. Notion's Supporting Configurations: Notion’s SAML SSO is built upon the SAML 2.0 standard, connecting your Identity Provider (IdP) and workspace(s) for an easier, more secure login experience. Notion supports official configurations for SAML SSO with: Azure, Google, Gusto, Okta, OneLogin, and Rippling. To get started using SAML SSO with Notion, you'll need to complete the following steps: Verify domain(s): To use advanced security features, you must verify ownership of your email domain. This is an automated process that involves adding a TXT record onto your domain’s DNS to verify your ownership of it. Enable SAML SSO: This will toggle the feature on and complete the configuration. For more information on completing the SAML SSO configuration, please refer to this article. Change default login method: Once SAML SSO is enabled for the first time, the default login method will be set to Any method, meaning that users have the option of logging in via SAML or their normal login method. By setting this to Only SAML SSO, this enforces SAML as the login method for your workspace for managed users with verified company emails."
notion_page_15.txt,2,"SAML or their normal login method. By setting this to Only SAML SSO, this enforces SAML as the login method for your workspace for managed users with verified company emails. Link additional workspaces: If you have more than one workspace you’d like to configure with SSO, you can do so by reaching out to team@makenotion.com. Once properly configured, any members signing into your workspace(s) will need to use the verified domain and will need to be authenticated through your identity provider. Enterprise workspace owners are able to bypass by using an alternative login method in case there’s an IdP/SAML SSO failure. HIPAA Technical Safeguard Requirements: Unique User Identification Assign a unique name and/or number for identifying and tracking user identity. Notion's Supporting Configurations: Notion has a SCIM API which can be used to provision, manage, and de-provision members and groups. Workspace owners can find the required API key by going to Settings → Security & identity → SCIM Configuration and clicking to view the token. Please see our SCIM documentation for the latest information on how you can interact with Notion’s SCIM API. Notion supports official SCIM applications with Google, Gusto, Okta, OneLogin, and Rippling. HIPAA Technical Safeguard Requirements: Emergency Access Procedure Establish (and implement as needed) procedures for obtaining necessary electronic protected health information during an emergency."
notion_page_15.txt,3,"with Google, Gusto, Okta, OneLogin, and Rippling. HIPAA Technical Safeguard Requirements: Emergency Access Procedure Establish (and implement as needed) procedures for obtaining necessary electronic protected health information during an emergency. Notion's Supporting Configurations: Content search provides Enterprise workspace owners with visibility into workspace content to improve governance of the workspace and resolve page access issues. Content search allows you to: • View who has access to a page
• Modify the permissions of a page
• Discover and re-assign abandoned pages from former employees You can export a Notion page, database, or entire workspace at any time. For Notion Mail and Notion Calendar, enable HIPAA compliance with Google Workspace. HIPAA Technical Safeguard Requirements: Automatic Logoff Implement electronic procedures that terminate an electronic session after a predetermined time of inactivity. Notion's Supporting Configurations: Set custom session duration: For managed users on the Enterprise Plan, Notion has a default session duration of 180 days. However, workspace owners can customize their session duration from 1 hour to 180 days. Force logout managed users: Force logout for individual users or for all workspace users at once. Force password reset: Force password reset for individual users or for all workspace users at once. If you de-provision a user via SCIM, they will be removed from the workspace and their session will be terminated."
notion_page_15.txt,4,"for individual users or for all workspace users at once. If you de-provision a user via SCIM, they will be removed from the workspace and their session will be terminated. HIPAA Technical Safeguard Requirements: Audit Controls Implement hardware, software, and/or procedural mechanisms that record and examine activity in information systems that contain or use electronic protected health information. Notion's Supporting Configurations: Enterprise workspace owners have access to an Audit Log via Settings. This gives an overview of a large range of events that have occurred in the workspace. This can be especially helpful for identifying potential security issues, investigating suspicious behavior, and troubleshooting access. The workspace audit log can be exported in CSV format. Enterprise customers can also utilize our Data Loss Prevention (DLP) partner integrations to discover, classify, and protect sensitive data in Notion. For Notion Mail and Notion Calendar, enable HIPAA compliance with Google Workspace. HIPAA Technical Safeguard Requirements: Integrity Controls Implement policies and procedures to protect electronic protected health information from improper alteration or destruction. Implement electronic mechanisms to corroborate that electronic protected health information has not been altered or destroyed in an unauthorized manner. Implement security measures to ensure that electronically transmitted electronic protected health information is not improperly modified without detection until disposed of. Notion's Supporting Configurations:"
notion_page_15.txt,5,"or destroyed in an unauthorized manner. Implement security measures to ensure that electronically transmitted electronic protected health information is not improperly modified without detection until disposed of. Notion's Supporting Configurations: Disable public page sharing: This will disable the Share to web option in the Share menu on every page in this workspace. Disable guests: This prevents anyone from inviting people outside the workspace to any page. You don’t need to use this control if you’d like to invite guests as needed, but note that Notion may not be used to communicate with patients, plan members, or their families and employers. If you need to enable guests, we recommend turning on guest requests. This implements an approval process so that you can have guests in your workspace while ensuring HIPAA compliance. Disable moving or duplicating pages to other workspaces: This prevents anyone from moving or duplicating pages to other workspaces via the Move To or Duplicate action. Disable export: This prevents anyone from exporting as Markdown, CSV, or PDF. Disable workspace creation: This prevents anyone from creating new workspace(s) without approval. Disable or allowlist third party extensions: This prevents anyone from adding non-approved 3rd party extensions to your Notion workspace. Disable external workspace access: This prevents managed users from joining or accessing external workspace outside of your organization."
notion_page_15.txt,6,"prevents anyone from adding non-approved 3rd party extensions to your Notion workspace. Disable external workspace access: This prevents managed users from joining or accessing external workspace outside of your organization. For Notion Mail and Notion Calendar, enable HIPAA compliance with Google Workspace. HIPAA Technical Safeguard Requirements: Person or Entity Authentication Implement procedures to verify that a person or entity seeking access to electronic protected health information is the one claimed. Notion's Supporting Configurations: Disable profile changes: This prevents managed users from changing their own profile information to avoid impersonations. Domain management: Domain refers to the email address domain associated with a Notion account. Domain verification allows workspace owners to claim ownership over a domain, which will unlock domain management settings. Disable guests: This prevents anyone from inviting people outside the workspace to any page. You don’t need to use this control if you’d like to invite guests as needed, but note that Notion may not be used to communicate with patients, plan members, or their families and employers. If you need to enable guests, we recommend turning on guest requests. This implements an approval process so that you can have guests in your workspace while ensuring HIPAA compliance. Suspend or delete a managed user account: Suspend or delete managed user accounts from the user management dashboard."
notion_page_15.txt,7,"that you can have guests in your workspace while ensuring HIPAA compliance. Suspend or delete a managed user account: Suspend or delete managed user accounts from the user management dashboard. Disable managed user account deletion: Prevent managed users from deleting their accounts on their own. HIPAA Technical Safeguard Requirements: Data Retention & Disposal Implement policies and procedures to address the final disposition of electronic PHI and/or the hardware or electronic media on which it is stored. Notion's Supporting Configurations: Custom data retention settings allow Enterprise workspace owners to have control over when users’ pages are deleted from Trash, and how long they can be retained for afterwards. We keep backups of our database, which allows us to restore a snapshot of your content in the past 30 days if you need it. For Notion Mail and Notion Calendar, enable HIPAA compliance with Google Workspace. HIPAA Technical Safeguard Requirements: Transmission Security Implement technical security measures to guard against unauthorized
access to electronic protected health information that is being transmitted over an electronic communications network. Implement a mechanism to encrypt electronic protected health information whenever deemed appropriate. Notion's Supporting Configurations: Encryption at rest: Customer data is encrypted at rest using AES-256. Customer data is encrypted when on Notion’s internal networks, at rest in Cloud storage, database tables, and backups."
notion_page_15.txt,8,"Configurations: Encryption at rest: Customer data is encrypted at rest using AES-256. Customer data is encrypted when on Notion’s internal networks, at rest in Cloud storage, database tables, and backups. Encryption in transit: Data sent in-transit is encrypted using TLS 1.2 or greater. Note: Enterprise workspace owners are able to bypass by using an alternative login method in case there’s an IdP/SAML SSO failure. Enable HIPAA compliance
To enable HIPAA compliance for your workspace: Go to Settings in your sidebar → Workspace settings → HIPAA compliance → Activate. A window will appear where you can read the full signed BAA before you select Accept. Once you’ve accepted, you’ll see confirmation that HIPAA compliance has been enabled. You’ll also receive an email confirming that your workspace has accepted the HIPAA BAA. Deactivate HIPAA compliance
If you’d like to turn off HIPAA compliance for your workspace: Go to Settings in your sidebar → Workspace settings → HIPAA compliance → Deactivate. In the window that appears, select Disable. Once you’ve accepted, you’ll see confirmation that HIPAA compliance has been disabled. This means you can no longer store Protected Health Information (PHI) in your Notion workspace. You’ll also receive a confirmation email. FAQs
What is the cost of enabling HIPAA compliance? HIPAA compliance is available free of charge to customers on the Enterprise plan."
notion_page_15.txt,9,"Notion workspace. You’ll also receive a confirmation email. FAQs What is the cost of enabling HIPAA compliance? HIPAA compliance is available free of charge to customers on the Enterprise plan. Customers must agree to Notion's Business Associate Agreement and utilize Notion in a manner that complies with HIPAA, the BAA, and the HIPAA Product Configuration Guide. What are the product limitations of enabling HIPAA compliance? Notion may not be used to communicate with patients, plan members, or their families or employers. Users may not include PHI in any of the following fields or functionality: Workspace or organization names Teamspace names File names Account/user profile Name of user groups Support requests and attachments to a support request must not include any PHI. Any Beta Services are not covered by the BAA and therefore may not be used or deployed in a manner that processes protected health information. Will integrations still be available? Yes, previously enabled apps will remain enabled. Admins should review existing integrations used to ensure they are compliant. Admins can choose to disable the addition of new integrations that are not allowlisted."
notion_page_16.txt,0,"Data access consent In this Article
Notion employees will only ever access your data for the purposes of troubleshooting problems or recovering content on your behalf, after hearing from you via email or in-app support chat with a request for help. Here's how you can grant access consent🚪
Contents
Data access consent on desktop
Allow data access
Revoke data access
Data access consent on mobile
For more information about Notion's security practices, and how your data is stored on our servers, please refer to our Security & privacy article. Below, you'll find instructions for how to grant Notion's support team consent to access your account. Data access consent on desktop
Data access consent - allow
Allow data access
When chatting with Notion support via email or in-app chat, you may be asked for consent to access your account, in order to help with troubleshooting or recovery. To allow data access: Go to Settings in your sidebar → {your name}. Under Support, toggle on Support access. Revoke data access
After you've granted access, Notion's support team will have permission to access your content for 28 days, or until you revoke this access. This timeframe will be visible in-app. To revoke access at any time: Go to Settings in your sidebar → {your name}. Under Support, toggle off Support access."
notion_page_16.txt,1,"revoke this access. This timeframe will be visible in-app. To revoke access at any time: Go to Settings in your sidebar → {your name}. Under Support, toggle off Support access. Data access consent on mobile
To allow or revoke support access on Notion for mobile: Open Notion on mobile and tap •••. Tap Settings. Toggle on or off Support access."
notion_page_17.txt,0,"Delete your account In this Article
We're sad to see you go, but no hard feelings! Here's how to delete your Notion account 🗑 What happens when you delete your account
When you delete your account: The action is permanent. You might want to export any data that you want to keep after you delete the account. Any private workspaces in which you were the only member will be deleted. Any shared workspaces in which you were the only admin will be deleted. Any deleted workspaces will be deleted for everyone in them. This means all users who were part of a workspace before it was deleted will no longer have access to that workspace or any content inside that workspace. You’ll be removed from any shared workspaces in which you were a member or one of multiple admins. You won’t be able to access any content from workspaces that are deleted or that you are removed from — even your private pages. You’ll see a warning about which of your workspaces will be deleted when you try to delete your account. Delete your account
To delete your account: Go to Settings in your sidebar → {your name}. Select Delete my account."
notion_page_17.txt,1,"will be deleted when you try to delete your account. Delete your account To delete your account: Go to Settings in your sidebar → {your name}. Select Delete my account. A window will pop up to confirm which of your workspaces will be deleted along with your account. To proceed, manually enter your account email. Then, click Permanently delete account and {#} workspaces. Delete your account - delete account Note: Deleted something by accident? We may be able to restore your content within 30 days of deletion. Contact us at team@makenotion.com with more details. FAQs
What if I accidentally deleted something permanently? Any way to get it back? If you accidentally delete a page, a workspace, or even your entire account, we can help! Accidents happen 😅 Just send us a message in the app by clicking ? at the bottom of your sidebar, or email us at team@makenotion.com. We keep backups of our database, which allows us to restore a snapshot of your content in the past 30 days if you need it. How can I migrate all my Notion content to a different workspace? Note: Any migrated content will be duplicated to the new workspace and these pages sometimes have issues. For more information, click here."
notion_page_17.txt,2,"all my Notion content to a different workspace? Note: Any migrated content will be duplicated to the new workspace and these pages sometimes have issues. For more information, click here. To move your content from one workspace to another associated with the same account, click ••• next to each of the top-level pages in your sidebar (or right click) and select Move to. At the bottom of the move menu, you’ll see a drop down to select a different workspace. When you move top-level pages, all their sub-pages go with them. They'll appear in the Private section but can be moved wherever you want to put them."
notion_page_18.txt,0,"Passkeys In this Article
Learn how to log into Notion using passkeys, a simple and secure alternative to passwords 🔑 Contents
What are passkeys?
Set up a passkey
Types of passkeys Notion supports
Log in with a passkey
Remove a passkey What are passkeys?
Passkeys are secure, easy-to-use alternatives to passwords. Instead of remembering your password, you can sign into Notion using the same method you use to unlock your device. Behind the scenes, passkeys use public-key cryptography to create unique security keys that work only with your Notion account. Passkeys are simpler and more secure than passwords, even with two-step verification enabled. Since passkeys are stored on your device and require biometric authentication like Face ID or Touch ID, they provide better protection against phishing attacks than traditional login credentials. Note: In order to use passkeys, you can’t be in an organization that requires login using an identity provider such as Okta, Microsoft Azure, or Google Workspace. Set up a passkey
To set up a passkey on web or desktop: Go to Settings in your sidebar → {your name}. Under Account security, select Add passkey. Choose where you’d like to store your passkey: in iCloud Keychain, Chrome Profile, or Password Manager. You can add up to five passkeys. To set up a passkey on mobile:"
notion_page_18.txt,1,"Choose where you’d like to store your passkey: in iCloud Keychain, Chrome Profile, or Password Manager. You can add up to five passkeys. To set up a passkey on mobile: Go to Settings in your sidebar. Under My settings, select Add passkey. Choose where you’d like to store your passkey: in iCloud Keychain, Chrome Profile, or Password Manager. You can add up to five passkeys. Types of passkeys Notion supports
Notion supports two kinds of passkeys so you can choose the method that works best for you: Synced passkeys Operating systems: Use passkeys stored in your operating system’s credential manager such as Apple’s iCloud Keychain or Google’s Password Manager. Password manager passkeys: Use passkeys stored in password managers like 1Password or Bitwarden. Device-bound passkeys Hardware security keys: Use physical security keys that support the FIDO2 standard, such as YubiKey. Mobile device passkeys: Use your phone or tablet's built-in authentication methods. Log in with a passkey
To log in using a passkey: In the login page, select Continue with Passkey. Select the location of your passkey and provide confirmation of the passkey. This will usually be done using a biometric, like Face ID or Touch ID. Remove a passkey
To remove a passkey on web or desktop: Go to Settings in your sidebar → {your name}."
notion_page_18.txt,2,"done using a biometric, like Face ID or Touch ID. Remove a passkey To remove a passkey on web or desktop: Go to Settings in your sidebar → {your name}. Under Account security, select Manage passkeys. Delete the passkey that you would like to remove. You can optionally delete the passkey from your device or password manager as well. To remove a passkey on mobile: Go to Settings in your sidebar. Under My settings, select Manage passkeys. Delete the passkey that you would like to remove. You can optionally delete the passkey from your device or password manager as well. FAQs
Do I need to set up a passkey to use Notion? Passkeys aren’t required for Notion users, but we highly recommend them as an extra layer of security to protect your work. Note that this feature is designed for users who don’t use SAML SSO to log into Notion. Can I set up different kinds of passkeys at the same time? I use verification codes to log into Notion. Can I still setup passkeys if I don’t have a password for Notion? What are the costs or fees associated with passkeys? What if I lose my phone or verification device that I use for passkeys? How do I log in? How do I troubleshoot issues with passkeys?"
notion_page_18.txt,3,fees associated with passkeys? What if I lose my phone or verification device that I use for passkeys? How do I log in? How do I troubleshoot issues with passkeys? I’m a workspace owner. Can I enforce passkeys for everyone in my workspace?
notion_page_19.txt,0,"Troubleshooting: Reset Notion Contents
Reset Notion for desktop
Reset Notion for web
Chrome and Microsoft Edge
Safari
Firefox
Reset Notion for mobile Check our status page and X for live updates on any known issues. Note: Resetting your app or browser will log you out of any active Notion accounts. Make sure you have your login information handy so you can sign back in after resetting! Not seeing your menu bar? On Windows, you may have to press alt to see it appear. Resetting Notion may help resolve issues like content not displaying correctly. Reset Notion for desktop
To reset Notion for desktop: Select View in your device’s menu bar → Force reload. Select Help in your menu bar → Troubleshooting → Reset & Erase All Local Data. Close Notion, then: On Mac: Open Finder, then select Go → Go To Folder in your menu bar. Enter /Users/<USERNAME>/Library/Application Support, then delete Notion. On Windows: In File Explorer, go to C:\Users\<USERNAME>\AppData\Roaming, then delete Notion. Download the desktop app again at https://notion.com/download. If you’re getting an error message when trying to delete Notion, make sure of the following: You’ve quit the Notion app completely (it’s not running in the background or system tray). There are no Notion processes running in Task Manager. Then, try deleting the app again."
notion_page_19.txt,1,"You’ve quit the Notion app completely (it’s not running in the background or system tray). There are no Notion processes running in Task Manager. Then, try deleting the app again. Reset Notion for web
Chrome and Microsoft Edge
Open Developer Tools using cmd + option + i for Mac, or ctrl + shift + i for Windows. With Developer Tools open, right click the refresh button in your browser. Select Empty Cache and Hard Refresh. In Developer Tools, go to Application and expand the Cookies on the left hand side. Right click on the Notion link and select Clear. Safari
Open the Safari menu in your system menu bar, and select Preferences. In the Privacy section, select Manage Website Data. Find and select Notion, then select Remove All. Firefox
To the left of the URL, select 🔒 → Clear Cookies and Site Data → Remove. Reset Notion for mobile
To reset Notion for mobile, simply delete the app from your device and reinstall it. Don’t worry about losing your Notion data — it’s synced to your account!"
notion_page_20.txt,0,"Troubleshooting: I Can’t Log In Contents
If you forgot your password
If you lost access to your email Check our status page and X for live updates on any known issues. If you forgot your password
If you don’t remember your Notion password, you can reset it. To do so: Go to notion.so/login in your web browser. Select Forgot password?, enter your email address, then select Send reset link. We'll send a link to your email address. Open the link to be taken to Settings in your Notion workspace, where you can set a new password. If you do not set a new password at this point, your password will simply be removed and you can log in using temporary codes. Log in again. If you lost access to your email
If you no longer have access to the email address you used to sign up for Notion, you can change this email in Notion settings. You’ll need to have a permanent password for your account already. To do so: Go to Settings in your sidebar → {your name}. Under Account security, select Change email. Enter your password, then select Continue. Enter your new email, then select Send verification code. Once you receive this code at your new email address, enter it. Select Change email. Log in again."
notion_page_20.txt,1,"then select Continue. Enter your new email, then select Send verification code. Once you receive this code at your new email address, enter it. Select Change email. Log in again. Still having trouble logging in? Contact us at team@makenotion.com."
notion_page_21.txt,0,"I Can’t Access Notion Or Page I can’t access Notion
If Notion is down or you’re unable to access Notion: Check our status page and X for live updates on any known issues. Try disabling any firewalls, VPNs, or privacy or security software you have on your device that may be blocking access to Notion. Check for any ISPs blocking the .so or notion.so domain. See if the issue is with your DNS. Changing your DNS to a public one like 8.8.8.8 or 1.1.1.1 might resolve the issue. You can learn more about how to do this here → Try a different browser, device, or platform. For example, if you’re using Notion’s desktop app, see if the issue persists when you use Notion in your browser. I can't access my own page Check our status page and X for live updates on any known issues. If you can’t access your own Notion page and you’re prompted to request access to it: If you have multiple Notion accounts or you’ve recently changed your email, make sure you’re logged into the correct Notion account. You’ll need to be accessing the page using the account that you used to create the page."
notion_page_21.txt,1,"recently changed your email, make sure you’re logged into the correct Notion account. You’ll need to be accessing the page using the account that you used to create the page. It’s possible your page has been moved or your page’s permissions have been changed by a workspace admin. Ask someone to restore your access to your page. If you get an error telling you to try again when you click to request access to the page, this could mean there’s a bug. Try accessing the document from a different browser or clear your cache and open the page again."
notion_page_22.txt,0,"Troubleshooting: I Can’t Upload Or View A File Contents
When this error may occur
What you can try to fix the error
File types supported in Notion Check our status page and X for live updates on any known issues. When this error may occur
When you’re uploading or trying to open an image, video, or audio in Notion, you might get the following errors: “This image couldn’t be loaded” “This audio format can’t be played on this device” “This video format can’t be played on this device” “Permission denied” This might happen for several reasons. For example, if you have lots of images on one page, you might see this error since all of the images are loading at once. What you can try to fix the error
To fix this error: Put some images inside toggles or removing any images you don’t need. Try accessing your Notion page using incognito mode in your web browser. If the file loads, the issue is most likely with your browser. You can update your browser and clear your cache to fix the issue. Try reuploading the file. Make sure the file type is supported. If you’ve embedded a file using an external link, make sure it’s from a supported source."
notion_page_22.txt,1,"fix the issue. Try reuploading the file. Make sure the file type is supported. If you’ve embedded a file using an external link, make sure it’s from a supported source. You might not have the right permission to view the file, or the permissions may have expired. For example, secure URLs to file uploads in Notion expire after 24 hours. Try downloading the media file to your device and reuploading to Notion to ensure it remains available. Check to see if a YouTube video contains copyrighted music, and try playing the embed in your web browser instead of the desktop app. YouTube videos with copyrighted music may not play in the desktop app. File types supported in Notion
Notion supports the following file types: HEIC ICO JPEG JPG PNG TIF TIFF GIF SVG PDF WEBP MP3 MP4 (Note that MP4 files can sometimes have video compression or other components that aren’t supported in Notion. You can try converting these files into a different file type if you’re having issues.) WAV OGG You can embed videos from YouTube, Vimeo, and other major sources."
notion_page_23.txt,0,"Troubleshooting: Common Notion Errors Contents
General errors and solutions
""Offline"" or ""Connect to the internet""
""Your file is over the limit""
""Rate limit reached""
""Request body too large""
""Unsaved transactions"" Check our status page and X for live updates on any known issues. General errors and solutions
Some common error messages and issues you might encounter in Notion include: “Something’s not right” “Something went wrong” “Hmm… something’s not right” “There was an issue persisting your edits” “Cannot save changes” ""Storage operation did not complete"" “Notion is damaged” Not being able to access Notion or specific Notion pages The following may help resolve these errors: Check our status page and X for live updates on any known issues. Log out and log back into your Notion account. Restart your device and trying again. Access Notion from a different device or browser, or from an incognito tab. Clear your local storage and cache on your browser. Here are some resources on how to clear local storage for various platforms: Chrome Edge Firefox Notion desktop app Quit and restart your browser. Reset your Notion app following the instructions here, and make sure you’re on the latest version of Notion. Make sure you’re using Notion on a supported device and platform."
notion_page_23.txt,1,"browser. Reset your Notion app following the instructions here, and make sure you’re on the latest version of Notion. Make sure you’re using Notion on a supported device and platform. If you’re using a Chromebook or a ChromeOS device, these devices aren’t supported. You should use a web browser like Chrome, Firefox, Safari, or Edge or an Android or iOS mobile device to access all of Notion’s features. If your Apple mobile device is on iOS 15 or earlier, these OS versions aren’t supported. If your device supports an upgrade to iOS 16 or later, upgrade it. If your device doesn’t support iOS 16 or later, you may still be able to use Notion, but the app may not work as expected. Disable any VPNs that you may be using and try again. Allowlist the notion.so domain with your VPN and try again. ""Offline"" or ""Connect to the internet""
When this error may occur If you see an error that says “Offline” or “Connect to the internet to get started”, it’s possible that you’ve lost your internet connection or that your network, or some privacy or security software installed on your device is blocking access to Notion. What you can try to fix the error To fix this error:"
notion_page_23.txt,2,"that your network, or some privacy or security software installed on your device is blocking access to Notion. What you can try to fix the error To fix this error: Make sure you’re connected to the internet, and that your internet isn’t down or spotty. Check if you’re using a proxy, firewall, or VPN software on your computer that may be blocking access to Notion. If you’re connected to a network that belongs to a school, corporation, or organization, ask IT to unblock Notion on that network. If you’re on a personal network, try changing your DNS to 1.1.1.1 or 8.8.8.8. You can learn more about how to do this here → ""Your file is over the limit""
When this error may occur You might see an error that says “Your file is over the 5MB limit of the Free Plan”. Remember that on the Free Plan, you have a limit of 5MB for imports. What you can try to fix the error To fix this error: You can remove any imported files that you no longer need. You can upgrade to a paid plan, which will increase your import limit to 50MB. ""Rate limit reached""
When this error may occur You might see an error that says “Rate limit reached, please try again later”."
notion_page_23.txt,3,"which will increase your import limit to 50MB. ""Rate limit reached"" When this error may occur You might see an error that says “Rate limit reached, please try again later”. This error usually occurs when you’ve exceeded the number of allowed requests to Notion’s API by trying to duplicate a large amount of content in Notion. Currently, you can duplicate up to 50,000 blocks per hour. This limit is in place to make sure all users have fair access to Notion. What you can try to fix the error To fix this error: Wait an hour and try the duplication again so that you don’t hit the limit. Make the content that you’re trying to duplicate smaller. For example, if you’re trying to duplicate a page, you can try removing parts of the page that you don’t need duplicated, or split the page up into multiple pages. Then, try the duplication again. ""Request body too large""
When this error may occur When trying to add text to your page, you might see an error that says “Request body too large”. This error, also known as an HTTP 413 error, can occur when you try to paste a lot of text (over 500kb) into a Notion page. What you can try to fix the error"
notion_page_23.txt,4,"as an HTTP 413 error, can occur when you try to paste a lot of text (over 500kb) into a Notion page. What you can try to fix the error To fix this error, try splitting up the text you’re trying to copy and paste into smaller chunks. ""Unsaved transactions""
When this error may occur You might see an error that says “Unsaved transactions: You don’t have access to move this page to the desired location”. This could happen because: You’re trying to set up an integration or a bot on a page that you only have guest access to, or that you don’t have full access to. Your integration or bot doesn’t have access to the page you’re in. What you can try to fix the error To fix this error: Make sure that you have proper access to the page you’re in. Give your integration or bot access to the page you’re in."
